id,user_id,image_name,image_url,created_at,model,category,description
51,1,Michiru Kagemori,uploads/1787212728813.jpg,2026-08-20 14:58:49.001548,basic,"{Furry,Kawaii,Anime}","Michiru Kagemori adalah protagonis perempuan utama dalam anime BNA: Brand New Animal. Ia merupakan seorang gadis remaja yang awalnya hidup sebagai manusia biasa, tetapi kemudian berubah menjadi Beastman tanuki setelah mengalami suatu kejadian misterius. Michiru memiliki kepribadian yang ceria, aktif, pemberani, dan terkadang keras kepala. Ia dikenal memiliki rasa ingin tahu yang tinggi serta sangat peduli terhadap orang-orang di sekitarnya. Setelah menjadi Beastman, Michiru pergi ke Anima City, sebuah kota yang menjadi tempat tinggal bagi para Beastman, untuk mencari jawaban mengenai perubahan yang dialaminya. Ia memiliki kemampuan unik untuk mengubah berbagai bagian tubuhnya menjadi bentuk hewan yang berbeda, sehingga membuatnya memiliki kekuatan dan kemampuan yang tidak biasa. Dalam perjalanannya, Michiru bertemu dengan Shirou Ogami dan mulai memahami kehidupan serta berbagai masalah yang dihadapi para Beastman. Michiru dikenal sebagai karakter yang pantang menyerah, memiliki rasa keadilan yang kuat, dan berusaha melindungi orang-orang yang dianggap penting baginya.
"
48,1,Hinata Hyuga,uploads/1787207414049.jpg,2026-08-20 13:30:14.271214,basic,"{Anime,Naruto,Waifu}","Hinata Hyuga adalah salah satu karakter perempuan penting dalam anime Naruto dan Naruto: Shippuden. Ia merupakan kunoichi dari Desa Konohagakure sekaligus anggota utama Klan Hyuga yang memiliki kemampuan Byakugan. Hinata dikenal sebagai gadis yang lembut, pemalu, rendah hati, penyayang, dan pada awalnya kurang percaya diri. Ia merupakan anggota Tim 8 bersama Kiba Inuzuka dan Shino Aburame di bawah bimbingan Kurenai Yuhi. Seiring berjalannya cerita, Hinata berkembang menjadi ninja yang lebih berani, kuat, dan memiliki tekad besar untuk melindungi orang-orang yang ia sayangi. Ia sangat mengagumi Naruto Uzumaki sejak kecil dan menjadikan kegigihan Naruto sebagai salah satu sumber inspirasinya untuk menjadi lebih kuat. Hinata memiliki ayah bernama Hiashi Hyuga dan adik perempuan bernama Hanabi Hyuga, serta sepupu bernama Neji Hyuga. Setelah Perang Dunia Shinobi Keempat, Hinata menikah dengan Naruto dan memiliki dua anak, yaitu Boruto Uzumaki dan Himawari Uzumaki. Hinata dikenal sebagai karakter yang awalnya pemalu dan ragu terhadap dirinya sendiri, tetapi secara perlahan berubah menjadi sosok yang berani, pantang menyerah, setia, dan mampu berdiri menghadapi bahaya demi melindungi orang-orang yang dicintainya.
"
49,1,Choi Jadoo,uploads/1787211288308.jpg,2026-08-20 14:34:48.512094,basic,{Kawaii},"Choi Jadoo adalah karakter utama sekaligus tokoh protagonis dalam kartun Korea Selatan Hello Jadoo (안녕 자두야) yang diadaptasi dari komik karya Lee Bin. Ia merupakan seorang anak perempuan yang ceria, aktif, pemberani, dan memiliki rasa ingin tahu yang besar. Jadoo dikenal dengan kepribadiannya yang usil, spontan, keras kepala, dan terkadang suka membuat masalah, tetapi ia sebenarnya memiliki hati yang baik dan sangat menyayangi keluarga serta teman-temannya. Jadoo tinggal bersama keluarganya dan sering mengalami berbagai kejadian lucu dalam kehidupan sehari-hari, baik di rumah maupun di sekolah. Ia memiliki ayah bernama Choi Ho-dol, ibu bernama Kim Nan-hyang, serta dua adik bernama Choi Seung-gi dan Choi Seong-hoon. Dalam kesehariannya, Jadoo sering berinteraksi dengan teman-temannya, termasuk Min Seung-a, sekaligus menghadapi berbagai kejadian sederhana yang berubah menjadi petualangan dan situasi komedi. Jadoo memiliki ciri khas rambut merah-oranye yang dikuncir dua dan biasanya mengenakan pakaian sederhana yang sesuai dengan gaya anak-anak. Cerita Hello Jadoo banyak menggambarkan kehidupan keluarga, persahabatan, sekolah, dan berbagai pengalaman masa kanak-kanak dengan sentuhan humor. Choi Jadoo dikenal sebagai karakter yang energik, nakal, lucu, penuh rasa ingin tahu, spontan, penyayang, dan memiliki semangat tinggi dalam menghadapi berbagai kejadian sehari-hari.
"
50,1,Anya Forger,uploads/1787211395581.jpg,2026-08-20 14:36:35.813524,basic,"{Anime,Kawaii,""Spy X Family""}","Anya Forger adalah salah satu karakter utama dalam anime SPY × FAMILY dan merupakan anak angkat Loid Forger serta Yor Forger. Ia adalah seorang anak perempuan yang memiliki kemampuan telepati untuk membaca pikiran orang lain. Kemampuan tersebut membuat Anya mengetahui bahwa ayahnya, Loid, adalah seorang mata-mata bernama Twilight dan ibunya, Yor, sebenarnya adalah pembunuh profesional bernama Thorn Princess. Anya menjadi bagian penting dalam Operation Strix karena ia bersekolah di Eden Academy dan secara tidak langsung membantu Loid menjalankan misinya. Anya memiliki kepribadian ceria, polos, lucu, ekspresif, dan sangat menyayangi keluarganya. Ia juga bersahabat dengan Becky Blackbell dan sering berinteraksi dengan Damian Desmond, putra dari target utama Loid. Anya sangat menyukai kacang tanah dan memiliki ikatan dekat dengan anjing keluarganya, Bond, yang mempunyai kemampuan melihat masa depan. Identitas dan kehidupan orang tua biologis Anya masih menjadi bagian misterius dalam cerita."
52,1,Shirou Ogami,uploads/1787213772136.jpg,2026-08-20 15:16:12.331044,basic,"{Anime,Furry,Husbando}","Shirou Ogami adalah salah satu karakter utama dalam anime BNA: Brand New Animal. Ia merupakan seorang Beastman serigala yang tinggal di Anima City dan dikenal sebagai sosok yang kuat, tenang, tegas, serta memiliki rasa keadilan yang sangat tinggi. Shirou memiliki kemampuan fisik yang luar biasa dan kemampuan bertarung yang membuatnya menjadi salah satu Beastman yang paling tangguh. Ia memiliki sikap serius dan cenderung sulit mempercayai manusia, terutama karena pengalaman buruk yang pernah dialaminya di masa lalu. Shirou kemudian bertemu dengan Michiru Kagemori dan berusaha membantunya memahami kehidupan sebagai Beastman serta mencari penyebab perubahan yang dialaminya. Meskipun terlihat dingin dan menjaga jarak dari orang lain, Shirou sebenarnya sangat peduli terhadap keselamatan para Beastman dan bersedia mempertaruhkan dirinya untuk melindungi mereka. Ia memiliki hubungan yang kuat dengan Anima City dan dikenal sebagai sosok yang dihormati sekaligus ditakuti oleh banyak Beastman. Shirou merupakan karakter yang tegas, berani, protektif, setia, dan memiliki tekad kuat untuk melindungi orang-orang yang tidak mampu melindungi diri mereka sendiri.
"
53,1,Kiyotaka Ayanokoji,uploads/1787213909088.jpg,2026-08-20 15:18:29.28099,basic,"{Anime,Husbando}","Kiyotaka Ayanokoji adalah protagonis utama dalam anime Classroom of the Elite (Youkoso Jitsuryoku Shijou Shugi no Kyoushitsu e). Ia merupakan siswa Kelas D di Advanced Nurturing High School yang dikenal memiliki kepribadian tenang, pendiam, dan sulit ditebak. Pada awalnya, Ayanokoji terlihat seperti siswa biasa yang tidak terlalu menonjol dalam hal akademik maupun kemampuan fisik. Namun, ia sebenarnya memiliki kemampuan berpikir, analisis, strategi, dan pengamatan yang sangat tinggi. Ayanokoji cenderung menyembunyikan kemampuan sebenarnya dan lebih memilih bertindak dari balik layar daripada menjadi pusat perhatian. Ia sering menggunakan kecerdasannya untuk menghadapi berbagai ujian dan konflik di sekolah tanpa mengungkapkan seluruh rencananya kepada orang lain. Ayanokoji memiliki hubungan dengan berbagai siswa, termasuk Suzune Horikita dan Kikyou Kushida, yang membuatnya semakin terlibat dalam berbagai permasalahan Kelas D. Ia juga memiliki masa lalu misterius yang berkaitan dengan sebuah fasilitas khusus yang dikenal sebagai White Room. Ayanokoji dikenal sebagai karakter yang tenang, logis, strategis, sulit dibaca, dan sangat berhati-hati dalam menunjukkan kemampuan serta perasaannya kepada orang lain.
"
54,1,Tanjiro Kamado,uploads/1787214401252.jpg,2026-08-20 15:26:41.466283,basic,"{Anime,Chibi,Kawaii}","Tanjiro Kamado adalah protagonis utama dalam anime Demon Slayer: Kimetsu no Yaiba. Ia merupakan seorang pemuda yang berasal dari keluarga penjual arang dan dikenal memiliki kepribadian yang baik hati, penyayang, rajin, serta penuh empati. Kehidupan Tanjiro berubah setelah keluarganya diserang oleh iblis, sementara adiknya, Nezuko Kamado, berubah menjadi iblis. Demi mencari cara untuk mengembalikan Nezuko menjadi manusia sekaligus menghadapi iblis yang bertanggung jawab atas tragedi keluarganya, Tanjiro bergabung dengan Demon Slayer Corps dan menjalani berbagai latihan serta pertempuran. Ia memiliki kemampuan penciuman yang sangat tajam dan menggunakan teknik pernapasan dalam pertarungannya, termasuk Water Breathing dan Hinokami Kagura. Tanjiro juga dikenal selalu berusaha memahami perasaan orang lain, bahkan terhadap musuh yang telah melakukan kejahatan. Dalam perjalanannya, ia bertemu dan menjadi teman dengan Zenitsu Agatsuma serta Inosuke Hashibira, yang kemudian menjadi rekan seperjuangannya. Tanjiro merupakan karakter yang pantang menyerah, berani, penuh kasih sayang, memiliki rasa tanggung jawab yang kuat, dan selalu berusaha melindungi orang-orang yang penting baginya.
"
55,1,Shoto Todoroki,uploads/1787215149396.jpg,2026-08-20 15:39:09.591794,basic,{Anime},"Shoto Todoroki adalah salah satu karakter utama dalam anime My Hero Academia (Boku no Hero Academia). Ia merupakan siswa Kelas 1-A di U.A. High School yang memiliki kepribadian tenang, serius, pendiam, dan cenderung menjaga jarak dari orang lain. Shoto memiliki Quirk bernama Half-Cold Half-Hot yang memungkinkannya menghasilkan es dari sisi kanan tubuh dan api dari sisi kiri tubuh. Kemampuannya sangat kuat dan membuatnya menjadi salah satu siswa dengan potensi besar di U.A. High School. Shoto merupakan putra dari Endeavor, seorang Pro Hero yang sangat kuat, dan memiliki hubungan keluarga yang rumit akibat masa lalu keluarganya. Pada awalnya, Shoto berusaha menolak penggunaan api dari sisi kiri tubuhnya karena hubungannya dengan ayahnya, tetapi seiring berjalannya cerita, ia mulai menerima seluruh kemampuannya sebagai bagian dari dirinya sendiri. Shoto kemudian menjadi lebih terbuka terhadap teman-temannya, terutama setelah mendapat dukungan dari Izuku Midoriya dan siswa lainnya. Ia dikenal sebagai karakter yang berbakat, disiplin, kuat, memiliki tekad tinggi, dan terus berusaha berkembang serta menentukan jalan hidupnya sendiri sebagai calon Pro Hero.
"
